{
  "epoch": 18,
  "best_val_f1": 0.5190822580508027,
  "metrics": {
    "accuracy": 0.5285852713178295,
    "weighted_f1": 0.5190822580508027,
    "per_class_f1": {
      "happiness": 0.23983739837398374,
      "anger": 0.5180265654648957,
      "sadness": 0.584070796460177,
      "disgust": 0.616,
      "fear": 0.5823529411764706,
      "surprise": 0.5773480662983426
    },
    "confusion_matrix": [
      [
        59,
        157,
        32,
        5,
        21,
        73
      ],
      [
        10,
        273,
        10,
        6,
        1,
        36
      ],
      [
        32,
        48,
        198,
        12,
        64,
        32
      ],
      [
        11,
        72,
        25,
        154,
        45,
        15
      ],
      [
        16,
        79,
        20,
        1,
        198,
        35
      ],
      [
        17,
        89,
        7,
        0,
        2,
        209
      ]
    ],
    "classification_report": {
      "happiness": {
        "precision": 0.4068965517241379,
        "recall": 0.17002881844380405,
        "f1-score": 0.23983739837398374,
        "support": 347.0
      },
      "anger": {
        "precision": 0.3802228412256267,
        "recall": 0.8125,
        "f1-score": 0.5180265654648957,
        "support": 336.0
      },
      "sadness": {
        "precision": 0.678082191780822,
        "recall": 0.5129533678756477,
        "f1-score": 0.584070796460177,
        "support": 386.0
      },
      "disgust": {
        "precision": 0.8651685393258427,
        "recall": 0.4782608695652174,
        "f1-score": 0.616,
        "support": 322.0
      },
      "fear": {
        "precision": 0.5981873111782477,
        "recall": 0.5673352435530086,
        "f1-score": 0.5823529411764706,
        "support": 349.0
      },
      "surprise": {
        "precision": 0.5225,
        "recall": 0.6450617283950617,
        "f1-score": 0.5773480662983426,
        "support": 324.0
      },
      "accuracy": 0.5285852713178295,
      "macro avg": {
        "precision": 0.5751762392057795,
        "recall": 0.5310233379721233,
        "f1-score": 0.519605961295645,
        "support": 2064.0
      },
      "weighted avg": {
        "precision": 0.5752564657905104,
        "recall": 0.5285852713178295,
        "f1-score": 0.5190822580508027,
        "support": 2064.0
      }
    }
  }
}