{
  "mlp": {
    "cross_emotion_similarity": {
      "anger": {
        "sadness": -0.29267916083335876,
        "happiness": -0.4023522734642029,
        "fear": -0.15811966359615326,
        "surprise": -0.3599555194377899,
        "disgust": 0.23159173130989075
      },
      "sadness": {
        "anger": -0.29267916083335876,
        "happiness": -0.003459927625954151,
        "fear": -0.04400423541665077,
        "surprise": -0.33092865347862244,
        "disgust": -0.2766149640083313
      },
      "happiness": {
        "anger": -0.4023522734642029,
        "sadness": -0.003459927625954151,
        "fear": -0.26052477955818176,
        "surprise": -0.012916321866214275,
        "disgust": -0.4656764268875122
      },
      "fear": {
        "anger": -0.15811966359615326,
        "sadness": -0.04400423541665077,
        "happiness": -0.26052477955818176,
        "surprise": -0.14105017483234406,
        "disgust": -0.22752240300178528
      },
      "surprise": {
        "anger": -0.3599555194377899,
        "sadness": -0.33092865347862244,
        "happiness": -0.012916321866214275,
        "fear": -0.14105017483234406,
        "disgust": -0.1985657960176468
      },
      "disgust": {
        "anger": 0.23159173130989075,
        "sadness": -0.2766149640083313,
        "happiness": -0.4656764268875122,
        "fear": -0.22752240300178528,
        "surprise": -0.1985657960176468
      }
    }
  },
  "attention": {
    "cross_emotion_similarity": {
      "anger": {
        "sadness": -0.2801480293273926,
        "happiness": -0.39291203022003174,
        "fear": -0.1666267216205597,
        "surprise": -0.3560064435005188,
        "disgust": 0.21693167090415955
      },
      "sadness": {
        "anger": -0.2801480293273926,
        "happiness": -0.009208595380187035,
        "fear": -0.04237743839621544,
        "surprise": -0.3436567187309265,
        "disgust": -0.2705056369304657
      },
      "happiness": {
        "anger": -0.39291203022003174,
        "sadness": -0.009208595380187035,
        "fear": -0.2713751792907715,
        "surprise": -0.007730148732662201,
        "disgust": -0.46849268674850464
      },
      "fear": {
        "anger": -0.1666267216205597,
        "sadness": -0.04237743839621544,
        "happiness": -0.2713751792907715,
        "surprise": -0.14403656125068665,
        "disgust": -0.21022504568099976
      },
      "surprise": {
        "anger": -0.3560064435005188,
        "sadness": -0.3436567187309265,
        "happiness": -0.007730148732662201,
        "fear": -0.14403656125068665,
        "disgust": -0.20053523778915405
      },
      "disgust": {
        "anger": 0.21693167090415955,
        "sadness": -0.2705056369304657,
        "happiness": -0.46849268674850464,
        "fear": -0.21022504568099976,
        "surprise": -0.20053523778915405
      }
    }
  },
  "comparison": {
    "mlp_vs_attention": {
      "anger": 0.743594229221344,
      "sadness": 0.7488396167755127,
      "happiness": 0.747442364692688,
      "fear": 0.7539953589439392,
      "surprise": 0.7434247136116028,
      "disgust": 0.7413593530654907
    }
  }
}