{
  "epoch": 28,
  "best_val_f1": 0.6416180711213177,
  "metrics": {
    "accuracy": 0.6405038759689923,
    "weighted_f1": 0.6416180711213177,
    "per_class_f1": {
      "happiness": 0.5463743676222597,
      "anger": 0.6415094339622641,
      "sadness": 0.6923076923076923,
      "disgust": 0.7135325131810193,
      "fear": 0.648729446935725,
      "surprise": 0.6042154566744731
    },
    "confusion_matrix": [
      [
        162,
        27,
        26,
        9,
        26,
        97
      ],
      [
        21,
        221,
        9,
        14,
        7,
        64
      ],
      [
        19,
        13,
        261,
        11,
        30,
        52
      ],
      [
        9,
        37,
        26,
        203,
        27,
        20
      ],
      [
        16,
        31,
        39,
        7,
        217,
        39
      ],
      [
        19,
        24,
        7,
        3,
        13,
        258
      ]
    ],
    "classification_report": {
      "happiness": {
        "precision": 0.6585365853658537,
        "recall": 0.4668587896253602,
        "f1-score": 0.5463743676222597,
        "support": 347.0
      },
      "anger": {
        "precision": 0.6260623229461756,
        "recall": 0.6577380952380952,
        "f1-score": 0.6415094339622641,
        "support": 336.0
      },
      "sadness": {
        "precision": 0.7092391304347826,
        "recall": 0.6761658031088082,
        "f1-score": 0.6923076923076923,
        "support": 386.0
      },
      "disgust": {
        "precision": 0.8218623481781376,
        "recall": 0.6304347826086957,
        "f1-score": 0.7135325131810193,
        "support": 322.0
      },
      "fear": {
        "precision": 0.678125,
        "recall": 0.6217765042979942,
        "f1-score": 0.648729446935725,
        "support": 349.0
      },
      "surprise": {
        "precision": 0.4867924528301887,
        "recall": 0.7962962962962963,
        "f1-score": 0.6042154566744731,
        "support": 324.0
      },
      "accuracy": 0.6405038759689923,
      "macro avg": {
        "precision": 0.6634363066258564,
        "recall": 0.641545045195875,
        "f1-score": 0.6411114851139056,
        "support": 2064.0
      },
      "weighted avg": {
        "precision": 0.6645646782025358,
        "recall": 0.6405038759689923,
        "f1-score": 0.6416180711213177,
        "support": 2064.0
      }
    }
  }
}