{
  "epoch": 27,
  "best_val_f1": 0.4260749096518815,
  "metrics": {
    "accuracy": 0.4326550387596899,
    "weighted_f1": 0.4260749096518815,
    "per_class_f1": {
      "happiness": 0.28751974723538704,
      "anger": 0.4928774928774929,
      "sadness": 0.47045454545454546,
      "disgust": 0.5394736842105263,
      "fear": 0.44165621079046424,
      "surprise": 0.3228346456692913
    },
    "confusion_matrix": [
      [
        91,
        50,
        71,
        37,
        66,
        32
      ],
      [
        45,
        173,
        36,
        42,
        13,
        27
      ],
      [
        41,
        14,
        207,
        21,
        85,
        18
      ],
      [
        20,
        30,
        22,
        164,
        76,
        10
      ],
      [
        28,
        48,
        68,
        14,
        176,
        15
      ],
      [
        61,
        51,
        90,
        8,
        32,
        82
      ]
    ],
    "classification_report": {
      "happiness": {
        "precision": 0.3181818181818182,
        "recall": 0.2622478386167147,
        "f1-score": 0.28751974723538704,
        "support": 347.0
      },
      "anger": {
        "precision": 0.4726775956284153,
        "recall": 0.5148809523809523,
        "f1-score": 0.4928774928774929,
        "support": 336.0
      },
      "sadness": {
        "precision": 0.4190283400809717,
        "recall": 0.5362694300518135,
        "f1-score": 0.47045454545454546,
        "support": 386.0
      },
      "disgust": {
        "precision": 0.5734265734265734,
        "recall": 0.5093167701863354,
        "f1-score": 0.5394736842105263,
        "support": 322.0
      },
      "fear": {
        "precision": 0.39285714285714285,
        "recall": 0.504297994269341,
        "f1-score": 0.44165621079046424,
        "support": 349.0
      },
      "surprise": {
        "precision": 0.44565217391304346,
        "recall": 0.25308641975308643,
        "f1-score": 0.3228346456692913,
        "support": 324.0
      },
      "accuracy": 0.4326550387596899,
      "macro avg": {
        "precision": 0.43697060734799414,
        "recall": 0.43001656754304046,
        "f1-score": 0.42580272103961786,
        "support": 2064.0
      },
      "weighted avg": {
        "precision": 0.43464898554254805,
        "recall": 0.4326550387596899,
        "f1-score": 0.4260749096518815,
        "support": 2064.0
      }
    }
  }
}