{
  "epoch": 28,
  "best_val_f1": 0.6088601446342844,
  "metrics": {
    "accuracy": 0.6109496124031008,
    "weighted_f1": 0.6088601446342844,
    "per_class_f1": {
      "happiness": 0.5284280936454849,
      "anger": 0.6131386861313869,
      "sadness": 0.6617100371747212,
      "disgust": 0.6153846153846154,
      "fear": 0.6215022091310751,
      "surprise": 0.6075
    },
    "confusion_matrix": [
      [
        158,
        28,
        33,
        14,
        25,
        89
      ],
      [
        21,
        210,
        18,
        20,
        13,
        54
      ],
      [
        15,
        15,
        267,
        17,
        31,
        41
      ],
      [
        19,
        37,
        46,
        172,
        29,
        19
      ],
      [
        20,
        30,
        47,
        11,
        211,
        30
      ],
      [
        18,
        29,
        10,
        3,
        21,
        243
      ]
    ],
    "classification_report": {
      "happiness": {
        "precision": 0.6294820717131474,
        "recall": 0.4553314121037464,
        "f1-score": 0.5284280936454849,
        "support": 347.0
      },
      "anger": {
        "precision": 0.6017191977077364,
        "recall": 0.625,
        "f1-score": 0.6131386861313869,
        "support": 336.0
      },
      "sadness": {
        "precision": 0.6342042755344418,
        "recall": 0.6917098445595855,
        "f1-score": 0.6617100371747212,
        "support": 386.0
      },
      "disgust": {
        "precision": 0.7257383966244726,
        "recall": 0.5341614906832298,
        "f1-score": 0.6153846153846154,
        "support": 322.0
      },
      "fear": {
        "precision": 0.6393939393939394,
        "recall": 0.6045845272206304,
        "f1-score": 0.6215022091310751,
        "support": 349.0
      },
      "surprise": {
        "precision": 0.5105042016806722,
        "recall": 0.75,
        "f1-score": 0.6075,
        "support": 324.0
      },
      "accuracy": 0.6109496124031008,
      "macro avg": {
        "precision": 0.6235070137757349,
        "recall": 0.6101312124278654,
        "f1-score": 0.6079439402445472,
        "support": 2064.0
      },
      "weighted avg": {
        "precision": 0.6238616228569085,
        "recall": 0.6109496124031008,
        "f1-score": 0.6088601446342844,
        "support": 2064.0
      }
    }
  }
}