{
  "epoch": 9,
  "best_val_f1": 0.3817351090651378,
  "metrics": {
    "accuracy": 0.40794573643410853,
    "weighted_f1": 0.3817351090651378,
    "per_class_f1": {
      "happiness": 0.12009237875288684,
      "anger": 0.47547169811320755,
      "sadness": 0.43847241867043846,
      "disgust": 0.5,
      "fear": 0.4496268656716418,
      "surprise": 0.30648330058939094
    },
    "confusion_matrix": [
      [
        26,
        79,
        58,
        56,
        88,
        40
      ],
      [
        15,
        189,
        24,
        41,
        41,
        26
      ],
      [
        22,
        27,
        155,
        23,
        146,
        13
      ],
      [
        4,
        42,
        8,
        153,
        105,
        10
      ],
      [
        7,
        61,
        14,
        8,
        241,
        18
      ],
      [
        12,
        61,
        62,
        9,
        102,
        78
      ]
    ],
    "classification_report": {
      "happiness": {
        "precision": 0.3023255813953488,
        "recall": 0.07492795389048991,
        "f1-score": 0.12009237875288684,
        "support": 347.0
      },
      "anger": {
        "precision": 0.4117647058823529,
        "recall": 0.5625,
        "f1-score": 0.47547169811320755,
        "support": 336.0
      },
      "sadness": {
        "precision": 0.48286604361370716,
        "recall": 0.4015544041450777,
        "f1-score": 0.43847241867043846,
        "support": 386.0
      },
      "disgust": {
        "precision": 0.5275862068965518,
        "recall": 0.4751552795031056,
        "f1-score": 0.5,
        "support": 322.0
      },
      "fear": {
        "precision": 0.3333333333333333,
        "recall": 0.6905444126074498,
        "f1-score": 0.4496268656716418,
        "support": 349.0
      },
      "surprise": {
        "precision": 0.42162162162162165,
        "recall": 0.24074074074074073,
        "f1-score": 0.30648330058939094,
        "support": 324.0
      },
      "accuracy": 0.40794573643410853,
      "macro avg": {
        "precision": 0.4132495821238193,
        "recall": 0.40757046514781065,
        "f1-score": 0.3816911102995943,
        "support": 2064.0
      },
      "weighted avg": {
        "precision": 0.4130173004433023,
        "recall": 0.40794573643410853,
        "f1-score": 0.3817351090651378,
        "support": 2064.0
      }
    }
  }
}